ID,CallFailure,Complaints,SubscriptionLength,ChargeAmount,SecondsofUse,Frequencyofuse,FrequencyofSMS,DistinctCalledNumbers,AgeGroup,TariffPlan,Status,Age,CustomerValue
2200,11,1,13,3,1853,28,12,11,3,1,1,30,123.24
2201,10,0,38,1,4615,74,7,17,3,1,1,30,215.56
2202,5,0,39,0,563,8,9,4,3,1,2,30,58.84
2203,12,0,37,1,2698,63,361,24,3,1,1,30,1554.44
2204,12,0,38,1,4443,69,7,35,1,1,1,15,286.66
2205,5,0,38,1,2638,61,7,33,2,1,1,25,152.955
2206,13,0,38,1,4020,85,34,28,3,1,1,30,300.2
2207,6,0,38,1,2605,42,287,18,3,1,1,30,1253.88
2208,15,0,37,2,9360,124,146,43,3,1,1,30,963.36
2209,9,0,38,1,14018,172,7,44,3,1,1,30,595.6
2210,9,0,38,1,4760,86,7,25,3,1,1,30,221.84
2211,8,0,38,1,6163,98,9,12,3,1,1,30,286.44
2212,11,0,38,0,2483,57,10,17,3,1,2,30,141.6
2213,27,0,38,3,15385,228,56,32,3,1,1,30,848.52
2214,6,0,38,1,3340,30,485,8,3,1,1,30,2074.8
2215,11,0,37,1,15730,185,152,30,2,1,1,25,1400.175
2216,5,0,37,1,6745,89,188,26,3,1,1,30,1025.36
2217,5,0,37,0,1120,17,7,11,2,1,2,25,82.665
2218,5,0,38,0,955,17,15,8,3,1,2,30,98.88
2219,5,0,37,0,305,6,7,2,2,1,2,25,45.495
2220,5,0,37,1,7753,130,386,43,3,1,1,30,1859.32
2221,9,0,37,1,11710,157,13,47,4,1,1,45,329.175
2222,10,0,37,1,6963,78,110,37,2,1,1,25,811.845
2223,25,1,33,0,1200,50,18,17,3,1,2,30,122
2224,23,0,36,8,10680,96,7,42,5,1,1,55,172.14
2225,15,0,36,1,6063,101,28,24,2,1,1,25,403.38
2226,5,0,34,1,3085,25,7,14,3,1,1,30,152.4
2227,11,0,35,0,3235,44,11,16,3,1,2,30,175.16
2228,11,1,36,0,2513,47,36,31,3,1,2,30,246.4
2229,5,0,36,0,305,6,7,2,3,1,2,30,40.44
2230,5,0,36,1,1913,28,7,6,4,1,1,45,66.025
2231,5,0,33,1,7030,100,16,22,5,1,1,55,130.95
2232,5,0,36,0,873,10,11,4,4,1,2,45,49.575
2233,5,0,36,1,305,6,7,2,5,1,1,55,15.165
2234,27,0,31,3,16320,241,7,80,2,1,1,25,776.745
2235,8,0,34,3,7210,119,273,33,2,2,1,25,1558.305
2236,5,0,36,1,3963,85,7,28,3,1,1,30,189.92
2237,5,0,35,0,1910,47,40,20,3,1,2,30,238.28
2238,8,0,36,1,3025,56,177,23,2,1,1,25,935.145
2239,6,0,27,1,1560,39,195,11,2,2,1,25,949.455
2240,6,0,26,1,1813,42,32,68,4,1,1,45,126.375
2241,13,0,27,0,945,28,12,7,3,1,2,30,86.92
2242,5,0,26,0,1070,13,23,3,4,1,2,45,84.575
2243,12,0,25,1,1470,35,21,13,2,1,1,25,162.225
2244,5,0,25,1,3470,64,10,23,3,1,1,30,181.36
2245,5,0,18,1,1940,29,30,14,2,1,1,25,223.605
2246,18,0,17,1,6638,144,87,42,2,2,1,25,696.69
2247,14,0,15,1,9178,174,75,40,5,1,1,55,252.78
2248,10,0,16,3,3098,48,33,19,3,1,1,30,257.84
2249,5,0,9,1,4635,43,217,10,3,1,1,30,1055.12
2250,5,1,9,1,1733,22,7,7,3,1,1,30,98.2
2251,14,0,44,2,4755,79,22,23,3,1,1,30,281.36
2252,6,0,45,0,703,13,24,10,3,1,2,30,124.64
2253,16,0,43,2,2838,68,376,30,3,1,1,30,1620.24
2254,16,0,44,2,4583,74,18,41,1,1,1,15,355.135
2255,9,0,44,2,2778,66,19,39,2,1,1,25,213.48
2256,17,0,44,3,4160,90,49,34,3,1,1,30,366
2257,10,0,44,2,2745,47,302,24,4,1,1,45,824.8
2258,19,0,43,4,9500,129,161,49,3,1,1,30,1029.16
2259,13,0,44,2,14158,177,17,50,3,1,1,30,641.4
2260,13,0,44,3,4900,91,19,31,3,1,1,30,275.64
2261,12,0,44,2,6303,103,24,18,3,1,1,30,352.24
2262,15,1,44,0,2623,62,25,23,3,1,2,30,207.4
2263,31,0,44,5,15525,233,71,38,3,1,1,30,914.32
2264,10,0,44,3,3480,35,500,14,4,1,1,45,1337.875
2265,15,0,43,2,15870,190,167,36,2,1,1,25,1474.2
2266,9,0,43,3,6885,94,203,32,3,1,1,30,1091.16
2267,6,0,43,0,1260,22,17,17,2,1,2,25,134.19
2268,8,0,44,0,1095,22,30,14,3,1,2,30,164.68
2269,6,0,43,0,385,8,17,6,2,1,2,25,94.185
2270,9,0,43,2,7893,135,401,49,3,1,1,30,1925.12
2271,13,0,43,3,11850,162,28,53,4,1,1,45,370.3
2272,14,0,43,3,7103,83,125,43,2,1,1,25,885.87
2273,29,1,39,0,1340,55,33,23,3,1,2,30,187.8
2274,27,0,42,10,10820,101,18,48,5,1,1,55,190.815
2275,19,0,42,3,6203,106,43,30,3,1,1,30,424.36
2276,7,0,40,2,3225,30,17,20,3,1,1,30,198.2
2277,15,1,41,0,3375,49,26,22,3,1,2,30,240.96
2278,15,1,42,0,2653,52,51,37,4,1,2,45,195.125
2279,6,0,42,0,518,10,17,8,3,1,2,30,89.12
2280,7,0,42,2,2053,33,17,12,4,1,1,45,94.65
2281,9,0,39,3,7170,105,31,28,5,1,1,55,155.625
2282,6,1,42,0,1013,15,26,10,4,1,2,45,90.7
2283,6,0,42,3,723,12,21,8,5,1,1,55,42.525
2284,31,0,37,5,16460,246,17,86,2,1,1,25,828.27
2285,12,0,40,5,7350,124,288,39,3,2,1,30,1450.96
2286,8,0,42,2,4103,90,19,34,3,1,1,30,243.72
2287,9,1,41,0,2050,52,55,26,4,1,2,45,190.05
2288,12,0,42,2,3165,61,192,29,2,1,1,25,1009.17
2289,10,0,33,3,1700,44,210,17,3,2,1,30,909.76
2290,10,0,32,2,1953,47,47,74,5,1,1,55,100.5
2291,17,0,33,0,1085,33,27,13,3,1,2,30,152.72
2292,6,0,32,0,1210,18,38,9,4,1,2,45,125.7
2293,16,0,31,2,1610,40,36,19,2,1,1,25,236.25
2294,8,0,31,2,3610,69,25,29,3,1,1,30,247.16
2295,8,0,24,2,2080,34,45,20,3,1,1,30,264.56
2296,22,0,23,3,6778,149,102,48,2,2,1,25,770.715
2297,18,0,21,2,9318,179,90,46,5,1,1,55,277.455
2298,14,0,22,5,3238,53,48,25,3,2,1,30,323.64
2299,8,0,15,3,4775,48,232,16,3,1,1,30,1120.92
2300,9,1,15,3,1873,27,17,13,3,1,1,30,144
2301,12,0,36,1,4595,75,7,15,3,1,1,30,214.8
2302,5,0,37,0,305,6,7,2,3,1,2,30,40.44
2303,14,0,35,1,2678,64,356,22,3,1,1,30,1533.68
2304,14,0,36,1,4423,70,7,33,2,1,1,25,233.685
2305,7,0,36,1,2618,62,7,31,2,1,1,25,152.1
2306,15,0,36,1,4000,86,29,26,3,1,1,30,279.44
2307,8,0,36,1,2585,43,282,16,3,1,1,30,1233.12
2308,17,0,35,2,9340,125,141,41,3,1,1,30,942.6
2309,11,0,36,1,13998,173,7,42,3,1,1,30,594.84
2310,11,0,36,1,4740,87,7,23,3,1,1,30,221.08
2311,10,0,36,1,6143,99,7,10,3,1,1,30,277.68
2312,13,0,36,0,2463,58,7,15,3,1,2,30,128.84
2313,29,0,36,3,15365,229,51,30,3,1,1,30,827.76
2314,8,0,36,1,3320,31,480,6,3,1,1,30,2054.04
2315,13,0,35,1,15710,186,147,28,2,1,1,25,1376.82
2316,7,0,35,1,6725,90,183,24,3,1,1,30,1004.6
2317,5,0,35,0,1100,18,7,9,2,1,2,25,81.81
2318,6,0,36,0,935,18,10,6,3,1,2,30,78.12
2319,5,0,35,0,305,6,7,2,2,1,2,25,45.495
2320,7,0,35,1,7733,131,381,41,3,1,1,30,1838.56
2321,11,0,35,1,11690,158,8,45,4,1,1,45,316.2
2322,12,0,35,1,6943,79,105,35,2,1,1,25,788.49
2323,27,1,31,0,1180,51,13,15,3,1,2,30,101.24
2324,25,0,34,8,10660,97,7,40,5,1,1,55,171.855
2325,17,0,34,1,6043,102,23,22,2,1,1,25,380.025
2326,5,0,32,1,3065,26,7,12,3,1,1,30,151.64
2327,13,1,33,0,3215,45,7,14,3,1,2,30,158.4
2328,13,1,34,0,2493,48,31,29,3,1,2,30,225.64
2329,5,0,34,0,305,6,7,2,3,1,2,30,40.44
2330,5,0,34,1,1893,29,7,4,4,1,1,45,65.55
2331,7,0,31,1,7010,101,11,20,5,1,1,55,123.165
2332,5,0,34,0,305,6,7,2,4,1,2,45,25.275
2333,5,0,34,1,305,6,7,2,5,1,1,55,15.165
2334,29,0,29,3,16300,242,7,78,2,1,1,25,775.89
2335,10,0,32,3,7190,120,268,31,3,2,1,30,1364.4
2336,6,0,34,1,3943,86,7,26,3,1,1,30,189.16
2337,7,0,33,0,1890,48,35,18,3,1,2,30,217.52
2338,10,0,34,1,3005,57,172,21,2,1,1,25,911.79
2339,8,0,25,1,1540,40,190,9,3,2,1,30,823.2
2340,8,0,24,1,1793,43,27,66,4,1,1,45,113.4
2341,15,0,25,0,925,29,7,5,3,1,2,30,66.16
2342,5,0,24,0,305,6,18,2,4,1,2,45,52.775
2343,14,0,23,1,1450,36,16,11,2,1,1,25,138.87
2344,6,0,23,1,3450,65,7,21,3,1,1,30,168.6
2345,6,0,16,1,1920,30,25,12,2,1,1,25,200.25
2346,20,0,15,1,6618,145,82,40,2,2,1,25,673.335
2347,16,0,13,1,9158,175,70,38,5,1,1,55,244.995
2348,12,0,14,3,3078,49,28,17,3,1,1,30,237.08
2349,6,0,7,1,4615,44,212,8,3,1,1,30,1034.36
2350,7,1,7,1,1713,23,7,5,3,1,1,30,97.44
2351,18,0,46,2,4935,87,27,25,3,1,1,30,308.88
2352,10,0,47,0,883,21,29,12,3,1,2,30,152.16
2353,20,0,45,2,3018,76,381,32,3,1,1,30,1647.76
2354,20,0,46,2,4763,82,23,43,1,1,1,15,392.975
2355,13,0,46,2,2958,74,24,41,2,1,1,25,244.44
2356,21,0,46,3,4340,98,54,36,3,1,1,30,393.52
2357,14,0,46,2,2925,55,307,26,4,1,1,45,842
2358,23,0,45,4,9680,137,166,51,3,1,1,30,1056.68
2359,17,0,46,2,14338,185,22,52,3,1,1,30,668.92
2360,17,0,46,3,5080,99,24,33,4,1,1,45,189.475
2361,16,0,46,2,6483,111,29,20,3,1,1,30,379.76
2362,19,0,46,0,2803,70,30,25,4,1,2,45,146.825
2363,35,0,46,5,15705,241,76,40,3,1,1,30,941.84
2364,14,0,46,3,3660,43,505,16,4,1,1,45,1355.075
2365,19,0,45,2,16050,198,172,38,2,1,1,25,1505.16
2366,13,0,45,3,7065,102,208,34,4,1,1,45,699.175
2367,10,0,45,0,1440,30,22,19,3,1,2,30,146.8
2368,12,0,46,0,1275,30,35,16,3,1,2,30,192.2
2369,10,0,45,0,565,16,22,8,3,1,2,30,111.24
2370,13,0,45,2,8073,143,406,51,3,1,1,30,1952.64
2371,17,0,45,3,12030,170,33,55,4,1,1,45,387.5
2372,18,0,45,3,7283,91,130,45,2,1,1,25,916.83
2373,33,1,41,0,1520,63,38,25,3,1,2,30,215.32
2374,31,0,44,10,11000,109,23,50,5,1,1,55,201.135
2375,23,0,44,3,6383,114,48,32,3,1,1,30,451.88
2376,11,0,42,2,3405,38,22,22,4,1,1,45,141.075
2377,19,1,43,0,3555,57,31,24,3,1,2,30,268.48
2378,19,1,44,0,2833,60,56,39,4,1,2,45,212.325
2379,10,0,44,0,698,18,22,10,3,1,2,30,116.64
2380,11,0,44,2,2233,41,22,14,4,1,1,45,111.85
2381,13,0,41,3,7350,113,36,30,5,1,1,55,165.945
2382,10,1,44,0,1193,23,31,12,4,1,2,45,107.9
2383,10,0,44,3,903,20,26,10,5,1,1,55,52.845
2384,35,0,39,5,16640,254,22,88,2,2,1,25,859.23
2385,16,1,42,5,7530,132,293,41,3,2,1,30,1478.48
2386,12,0,44,2,4283,98,24,36,3,1,1,30,271.24
2387,13,0,43,0,2230,60,60,28,4,1,2,45,207.25
2388,16,0,44,2,3345,69,197,31,2,1,1,25,1040.13
2389,14,0,35,3,1880,52,215,19,3,2,1,30,937.28
2390,14,0,34,2,2133,55,52,76,5,1,1,55,110.82
2391,21,0,35,0,1265,41,32,15,3,1,2,30,180.24
2392,10,0,34,0,1390,26,43,11,4,1,2,45,142.9
2393,20,0,33,2,1790,48,41,21,2,1,1,25,267.21
2394,12,0,33,2,3790,77,30,31,4,1,1,45,171.675
2395,12,0,26,2,2260,42,50,22,3,1,1,30,292.08
2396,26,0,25,3,6958,157,107,50,2,2,1,25,801.675
2397,22,0,23,2,9498,187,95,48,5,1,1,55,287.775
2398,18,0,24,5,3418,61,53,27,4,2,1,45,219.475
2399,12,0,17,3,4955,56,237,18,3,1,1,30,1148.44
2400,13,0,17,3,2053,35,22,15,3,1,1,30,171.52
2401,8,0,34,1,4415,67,7,13,3,1,1,30,207.28
2402,5,0,35,0,305,6,7,2,2,1,2,25,45.495
2403,10,0,33,1,2498,56,351,20,3,1,1,30,1506.16
2404,10,0,34,1,4243,62,7,31,2,1,1,25,225.225
2405,5,0,34,1,2438,54,7,29,1,1,1,15,175.56
2406,11,0,34,1,3820,78,24,24,3,1,1,30,251.92
2407,5,0,34,1,2405,35,277,14,3,1,1,30,1205.6
2408,13,0,33,2,9160,117,136,39,3,1,1,30,915.08
2409,7,0,34,1,13818,165,7,40,3,1,1,30,587.32
2410,7,0,34,1,4560,79,7,21,3,1,1,30,213.56
2411,6,0,34,1,5963,91,7,8,3,1,1,30,270.16
2412,9,0,34,0,2283,50,7,13,3,1,2,30,121.32
2413,25,0,34,3,15185,221,46,28,3,1,1,30,800.24
2414,5,0,34,1,3140,23,475,4,3,1,1,30,2026.52
2415,9,0,33,1,15530,178,142,26,2,1,1,25,1345.86
2416,5,0,33,1,6545,82,178,22,3,1,1,30,977.08
2417,5,0,33,0,920,10,7,7,2,1,2,25,73.35
2418,5,0,34,0,755,10,7,4,3,1,2,30,58.6
2419,5,0,33,0,305,6,7,2,2,1,2,25,45.495
2420,5,0,33,1,7553,123,376,39,2,1,1,25,2037.42
2421,7,0,33,1,11510,150,7,43,4,1,1,45,309
2422,8,0,33,1,6763,71,100,33,2,1,1,25,757.53
2423,23,0,29,0,1000,43,8,13,2,1,2,25,82.935
2424,21,0,32,8,10480,89,7,38,5,1,1,55,169.035
2425,13,0,32,1,5863,94,18,20,2,1,1,25,349.065
2426,5,0,30,1,2885,18,7,10,3,1,1,30,144.12
2427,9,0,31,0,3035,37,7,12,3,1,2,30,150.88
2428,9,1,32,0,2313,40,26,27,3,1,2,30,198.12
2429,5,0,32,0,305,6,7,2,3,1,2,30,40.44
2430,5,0,32,1,305,6,7,2,3,1,1,30,40.44
2431,5,0,29,1,6830,93,7,18,5,1,1,55,114.345
2432,5,0,32,0,305,6,7,2,4,1,2,45,25.275
2433,5,0,32,1,305,6,7,2,5,1,1,55,15.165
2434,25,0,27,3,16120,234,7,76,2,1,1,25,767.43
2435,6,0,30,3,7010,112,263,29,2,2,1,25,1503.99
2436,5,0,32,1,3763,78,7,24,2,1,1,25,204.345
2437,5,0,31,0,1710,40,30,16,3,1,2,30,190
2438,6,0,32,1,2825,49,167,19,2,1,1,25,880.83
2439,5,0,23,1,1360,32,185,7,2,2,1,25,895.14
2440,5,0,22,1,1613,35,22,64,4,1,1,45,96.2
2441,11,0,23,0,745,21,7,3,2,1,2,25,65.97
2442,5,0,22,0,305,6,13,2,4,1,2,45,40.275
2443,10,0,21,1,1270,28,11,9,2,1,1,25,107.91
2444,5,0,21,1,3270,57,7,19,3,1,1,30,161.08
2445,5,0,14,1,1740,22,20,10,2,1,1,25,169.29
2446,16,0,13,1,6438,137,77,38,2,2,1,25,642.375
2447,12,0,11,1,8978,167,65,36,4,1,1,45,391.125
2448,8,0,12,3,2898,41,23,15,3,1,1,30,209.56
2449,5,0,5,1,4435,36,207,6,3,1,1,30,1006.84
2450,5,1,5,0,1533,15,7,3,3,1,1,30,89.92
2451,15,0,43,1,4855,85,23,24,3,1,1,30,289.6
2452,7,0,44,0,803,19,25,11,3,1,2,30,132.88
2453,17,0,42,1,2938,74,377,31,3,1,1,30,1628.48
2454,17,0,43,1,4683,80,19,42,1,1,1,15,366.465
2455,10,0,43,1,2878,72,20,40,2,1,1,25,222.75
2456,18,0,43,2,4260,96,50,35,3,1,1,30,374.24
2457,11,0,43,1,2845,53,303,25,3,1,1,30,1327.92
2458,20,0,42,3,9600,135,162,50,3,1,1,30,1037.4
2459,14,0,43,1,14258,183,18,51,3,1,1,30,649.64
2460,14,0,43,2,5000,97,20,32,3,1,1,30,283.88
2461,13,0,43,1,6403,109,25,19,3,1,1,30,360.48
2462,16,1,43,0,2723,68,26,24,3,1,2,30,215.64
2463,32,0,43,4,15625,239,72,39,3,1,1,30,922.56
2464,11,0,43,2,3580,41,501,15,3,1,1,30,2148.84
2465,16,0,42,1,15970,196,168,37,2,1,1,25,1483.47
2466,10,0,42,2,6985,100,204,33,3,1,1,30,1099.4
2467,7,0,42,0,1360,28,18,18,2,1,2,25,143.46
2468,9,0,43,0,1195,28,31,15,3,1,2,30,172.92
2469,7,0,42,0,485,14,18,7,2,1,2,25,103.455
2470,10,0,42,1,7993,141,402,50,3,1,1,30,1933.36
2471,14,0,42,2,11950,168,29,54,4,1,1,45,375.45
2472,15,0,42,2,7203,89,126,44,2,1,1,25,895.14
2473,30,0,38,0,1440,61,34,24,3,1,2,30,196.04
2474,28,0,41,9,10920,107,19,49,5,2,1,55,193.905
2475,20,0,41,2,6303,112,44,31,2,1,1,25,486.675
2476,8,0,39,1,3325,36,18,21,3,1,1,30,206.44
2477,16,1,40,0,3475,55,27,23,3,1,2,30,249.2
2478,16,1,41,0,2753,58,52,38,4,1,2,45,200.275
2479,7,1,41,0,618,16,18,9,3,1,2,30,97.36
2480,8,0,41,1,2153,39,18,13,4,1,1,45,99.8
2481,10,0,38,2,7270,111,32,29,5,1,1,55,158.715
2482,7,0,41,0,1113,21,27,11,4,1,2,45,95.85
2483,7,0,41,2,823,18,22,9,5,1,1,55,45.615
2484,32,1,36,4,16560,252,18,87,2,2,1,25,837.54
2485,13,0,39,4,7450,130,289,40,3,2,1,30,1459.2
2486,9,0,41,1,4203,96,20,35,3,1,1,30,251.96
2487,10,0,40,0,2150,58,56,27,3,1,2,30,312.32
2488,13,0,41,1,3265,67,193,30,2,1,1,25,1018.44
2489,11,0,32,2,1800,50,211,18,3,2,1,30,918
2490,11,0,31,1,2053,53,48,75,5,1,1,55,103.59
2491,18,0,32,0,1185,39,28,14,3,1,2,30,160.96
2492,7,0,31,0,1310,24,39,10,4,1,2,45,130.85
2493,17,0,30,1,1710,46,37,20,2,1,1,25,245.52
2494,9,0,30,1,3710,75,26,30,3,1,1,30,255.4
2495,9,0,23,1,2180,40,46,21,3,1,1,30,272.8
2496,23,0,22,2,6878,155,103,49,2,2,1,25,779.985
2497,19,0,20,1,9418,185,91,47,5,1,1,55,280.545
2498,15,0,21,4,3338,59,49,26,3,1,1,30,331.88
2499,9,0,14,2,4875,54,233,17,3,1,1,30,1129.16
2500,10,0,14,2,1973,33,18,14,3,1,1,30,152.24
2501,11,0,37,1,4495,69,7,14,3,1,1,30,210.56
2502,5,0,38,0,305,6,7,2,3,1,2,30,40.44
2503,13,0,36,1,2578,58,355,21,3,1,1,30,1525.44
2504,13,0,37,1,4323,64,7,32,1,1,1,15,279.785
2505,6,0,37,1,2518,56,7,30,2,1,1,25,147.33
2506,14,0,37,2,3900,80,28,25,3,1,1,30,271.2
2507,7,0,37,1,2485,37,281,15,3,1,1,30,1224.88
2508,16,0,36,3,9240,119,140,40,3,1,1,30,934.36
2509,10,0,37,1,13898,167,7,41,3,1,1,30,590.6
2510,10,0,37,2,4640,81,7,22,3,1,1,30,216.84
2511,9,0,37,1,6043,93,7,9,3,1,1,30,273.44
2512,12,0,37,0,2363,52,7,14,3,1,2,30,124.6
2513,28,0,37,4,15265,223,50,29,3,2,1,30,819.52
2514,7,0,37,2,3220,25,479,5,3,1,1,30,2045.8
2515,12,0,36,1,15610,180,146,27,2,1,1,25,1367.55
2516,6,0,36,2,6625,84,182,23,3,1,1,30,996.36
2517,5,0,36,0,1000,12,7,8,2,1,2,25,77.04
2518,5,0,37,0,835,12,9,5,3,1,2,30,69.88
2519,5,0,36,0,305,6,7,2,2,1,2,25,45.495
2520,6,0,36,1,7633,125,380,40,3,1,1,30,1830.32
2521,10,0,36,2,11590,152,7,44,4,1,1,45,311.05
2522,11,0,36,2,6843,73,104,34,2,1,1,25,779.22
2523,26,1,32,0,1080,45,12,14,3,1,2,30,93
2524,24,0,35,9,10560,91,7,39,5,1,1,55,170.265
2525,16,0,35,2,5943,96,22,21,2,1,1,25,370.755
2526,5,0,33,1,2965,20,7,11,3,1,1,30,147.4
2527,12,1,34,0,3115,39,7,13,3,1,2,30,154.16
2528,12,0,35,0,2393,42,30,28,4,1,2,45,135.875
2529,5,1,35,0,305,6,7,2,3,1,2,30,40.44
2530,5,0,35,1,1793,23,7,3,4,1,1,45,62.9
2531,6,0,32,2,6910,95,10,19,5,1,1,55,120.075
2532,5,0,35,0,305,6,7,2,4,1,2,45,25.275
2533,5,0,35,1,305,6,7,2,5,1,1,55,15.165
2534,28,0,30,4,16200,236,7,77,2,2,1,25,771.12
2535,9,0,33,4,7090,114,267,30,3,2,1,30,1356.16
2536,5,0,35,1,3843,80,7,25,3,1,1,30,184.92
2537,6,0,34,0,1790,42,34,17,3,1,2,30,209.28
2538,9,0,35,1,2905,51,171,20,2,1,1,25,902.52
2539,7,0,26,2,1440,34,189,8,3,2,1,30,814.96
2540,7,0,25,1,1693,37,26,65,5,1,1,55,64.95
2541,14,0,26,0,825,23,7,4,3,1,2,30,61.92
2542,5,0,25,0,305,6,17,2,4,1,2,45,50.275
2543,13,0,24,1,1350,30,15,10,2,1,1,25,129.6
2544,5,0,24,1,3350,59,7,20,3,1,1,30,164.36
2545,5,0,17,1,1820,24,24,11,3,1,1,30,169.76
2546,19,0,16,2,6518,139,81,39,2,2,1,25,664.065
2547,15,0,14,1,9058,169,69,37,5,1,1,55,241.905
2548,11,0,15,4,2978,43,27,16,3,1,1,30,228.84
2549,5,0,8,2,4515,38,211,7,3,1,1,30,1026.12
2550,6,1,8,2,1613,17,7,4,3,1,1,30,93.2
2551,17,0,40,3,5275,87,33,34,3,1,1,30,346.48
2552,9,0,41,0,1223,21,35,21,3,1,2,30,189.76
2553,19,0,39,3,3358,76,387,41,3,1,1,30,1685.36
2554,19,0,40,3,5103,82,29,52,1,1,1,15,444.675
2555,12,0,40,3,3298,74,30,50,2,1,1,25,286.74
2556,20,0,40,4,4680,98,60,45,3,1,1,30,431.12
2557,13,0,40,3,3265,55,313,35,4,1,1,45,865.5
2558,22,1,39,5,10020,137,172,60,3,1,1,30,1094.28
2559,16,0,40,3,14678,185,28,61,3,1,1,30,706.52
2560,16,0,40,4,5420,99,30,42,3,1,1,30,340.76
2561,15,0,40,3,6823,111,35,29,3,1,1,30,417.36
2562,18,0,40,0,3143,70,36,34,3,1,2,30,272.52
2563,34,1,40,6,16045,241,82,49,3,2,1,30,979.44
2564,13,0,40,4,4000,43,511,25,4,1,1,45,1378.575
2565,18,0,39,3,16390,198,178,47,2,1,1,25,1547.46
2566,12,0,39,4,7405,102,214,43,3,1,1,30,1156.28
2567,9,0,39,0,1780,30,28,28,2,1,2,25,207.45
2568,11,0,40,0,1615,30,41,25,3,1,2,30,229.8
2569,9,1,39,0,905,16,28,17,2,1,2,25,167.445
2570,12,0,39,3,8413,143,412,60,3,1,1,30,1990.24
2571,16,0,39,4,12370,170,39,64,4,1,1,45,411
2572,17,0,39,4,7623,91,136,54,2,2,1,25,959.13
2573,32,1,35,0,1860,63,44,34,3,1,2,30,252.92
2574,30,0,38,1,11340,109,29,59,5,1,1,55,215.235
2575,22,0,38,4,6723,114,54,41,3,1,1,30,489.48
2576,10,0,36,3,3745,38,28,31,3,1,1,30,263.32
2577,18,1,37,0,3895,57,37,33,3,1,2,30,306.08
2578,18,0,38,0,3173,60,62,48,4,1,2,45,235.825
2579,9,0,38,0,1038,18,28,19,3,1,2,30,154.24
2580,10,0,38,3,2573,41,28,23,4,1,1,45,135.35
2581,12,0,35,4,7690,113,42,39,5,1,1,55,180.045
2582,9,0,38,0,1533,23,37,21,4,1,2,45,131.4
2583,9,0,38,4,1243,20,32,19,5,1,1,55,66.945
2584,34,0,33,6,16980,254,28,97,2,2,1,25,901.53
2585,15,0,36,6,7870,132,299,50,3,2,1,30,1516.08
2586,11,0,38,3,4623,98,30,45,3,1,1,30,308.84
2587,12,1,37,0,2570,60,66,37,4,1,2,45,230.75
2588,15,0,38,3,3685,69,203,40,2,1,1,25,1082.43
2589,13,0,29,4,2220,52,221,28,3,2,1,30,974.88
2590,13,0,28,3,2473,55,58,85,5,1,1,55,124.92
2591,20,0,29,0,1605,41,38,24,3,1,2,30,217.84
2592,9,0,28,0,1730,26,49,20,4,1,2,45,166.4
2593,19,0,27,3,2130,48,47,30,2,1,1,25,309.51
2594,11,0,27,3,4130,77,36,40,3,1,1,30,312.28
2595,11,0,20,3,2600,42,56,31,3,1,1,30,329.68
2596,25,0,19,4,7298,157,113,59,2,2,1,25,843.975
2597,21,0,17,3,9838,187,101,57,5,1,1,55,301.875
2598,17,0,18,6,3758,61,59,36,3,2,1,30,388.76
2599,11,0,11,4,5295,56,243,27,3,2,1,30,1186.04
2600,12,1,11,4,2393,35,28,24,3,1,1,30,209.12
2601,9,0,40,0,4075,67,7,4,3,1,1,30,193.68
2602,5,0,41,0,305,6,7,2,3,1,2,30,40.44
2603,11,0,39,0,2158,56,345,11,3,1,1,30,1468.56
2604,11,0,40,0,3903,62,7,22,1,1,1,15,256.575
2605,5,0,40,0,2098,54,7,20,2,1,1,25,128.34
2606,12,0,40,0,3480,78,18,15,3,1,1,30,214.32
2607,5,0,40,0,2065,35,271,5,3,1,1,30,1168
2608,14,0,39,1,8820,117,130,30,3,1,1,30,877.48
2609,8,0,40,0,13478,165,7,31,3,1,1,30,573.72
2610,8,0,40,0,4220,79,7,12,3,1,1,30,199.96
2611,7,0,40,1,5623,91,7,17,3,1,1,30,256.56
2612,10,0,40,0,1943,50,7,4,3,1,2,30,107.72
2613,26,0,40,2,14845,221,40,19,3,1,1,30,762.64
2614,5,0,40,1,2800,23,469,9,3,1,1,30,1988.92
2615,10,0,39,0,15190,178,136,17,2,1,1,25,1303.56
2616,5,0,39,0,6205,82,172,13,3,1,1,30,939.48
2617,5,0,39,0,580,10,7,2,2,1,2,25,58.05
2618,5,0,40,0,415,10,7,2,3,1,2,30,45
2619,5,0,39,0,305,6,7,2,2,1,2,25,45.495
2620,5,0,39,0,7213,123,370,30,3,1,1,30,1773.44
2621,8,0,39,0,11170,150,7,34,4,1,1,45,300.5
2622,9,0,39,0,6423,71,94,24,2,1,1,25,715.23
2623,24,0,35,0,660,43,7,4,3,1,2,30,56.12
2624,22,0,38,7,10140,89,7,29,5,1,1,55,163.935
2625,14,0,38,0,5523,94,12,11,2,1,1,25,306.765
2626,5,0,36,1,2545,18,7,6,3,1,1,30,130.52
2627,10,0,37,0,2695,37,7,3,3,1,2,30,137.28
2628,10,0,38,0,1973,40,20,18,3,1,2,30,160.52
2629,5,1,38,0,305,6,7,2,3,1,2,30,40.44
2630,5,0,38,1,1373,21,7,2,4,1,1,45,52.35
2631,5,0,35,0,6490,93,7,9,5,1,1,55,109.245
2632,5,0,38,0,305,6,7,2,4,1,2,45,25.275
2633,5,0,38,0,305,6,7,2,5,1,1,55,15.165
2634,26,0,33,2,15780,234,7,67,2,1,1,25,752.13
2635,7,0,36,2,6670,112,257,20,3,2,1,30,1299.28
2636,5,0,38,0,3423,78,7,15,3,1,1,30,168.04
2637,5,0,37,0,1370,40,24,7,3,1,2,30,152.4
2638,7,0,38,0,2485,49,161,10,2,1,1,25,838.53
2639,5,0,29,1,1020,32,179,2,3,2,1,30,758.08
2640,5,0,28,0,1273,35,16,55,4,1,1,45,72.7
2641,12,0,29,0,405,21,7,2,3,1,2,30,45.04
2642,5,0,28,0,305,6,7,2,4,1,2,45,25.275
2643,11,0,27,1,930,28,7,2,2,1,1,25,74.61
2644,5,0,27,0,2930,57,7,10,3,1,1,30,147.48
2645,5,0,20,1,1400,22,14,2,2,1,1,25,126.99
2646,17,0,19,0,6098,137,71,29,2,2,1,25,600.075
2647,13,0,17,0,8638,167,59,27,5,1,1,55,220.575
2648,9,0,18,2,2558,41,17,6,3,1,1,30,171.96
2649,5,0,11,1,4095,36,201,25,3,1,1,30,969.24
2650,5,1,11,1,1193,15,7,2,3,1,1,30,76.32
2651,13,0,41,2,4790,83,44,23,3,1,1,30,370.92
2652,5,0,42,0,738,17,46,10,3,1,2,30,214.2
2653,15,0,40,2,2873,72,398,30,3,1,1,30,1709.8
2654,15,0,41,2,4618,78,40,41,1,1,1,15,478.28
2655,8,0,41,2,2813,70,41,39,2,1,1,25,314.235
2656,16,0,41,3,4195,94,71,34,3,1,1,30,455.56
2657,9,0,41,2,2780,51,324,24,4,1,1,45,880.775
2658,18,0,40,4,9535,133,183,49,3,1,1,30,1118.72
2659,12,0,41,2,14193,181,39,50,3,1,1,30,730.96
2660,12,0,41,3,4935,95,41,31,4,1,1,45,228.25
2661,11,0,41,2,6338,107,46,18,3,1,1,30,441.8
2662,14,1,41,0,2658,66,47,23,4,1,2,45,185.6
2663,30,0,41,5,15560,237,93,38,3,1,1,30,1003.88
2664,9,0,41,3,3515,39,522,14,4,1,1,45,1393.85
2665,14,0,40,2,15905,194,189,36,3,1,1,30,1399.96
2666,8,0,40,3,6920,98,225,32,4,1,1,45,737.95
2667,5,0,40,0,1295,26,39,17,3,1,2,30,208.84
2668,7,0,41,0,1130,26,52,14,3,1,2,30,254.24
2669,5,0,40,0,420,12,39,6,3,1,2,30,173.28
2670,8,0,40,2,7928,139,423,49,3,1,1,30,2014.68
2671,12,0,40,3,11885,166,50,53,4,1,1,45,426.275
2672,13,0,40,3,7138,87,147,43,3,1,1,30,877
2673,28,1,36,0,1375,59,55,23,3,1,2,30,277.36
2674,26,0,39,10,10855,105,40,48,5,2,1,55,224.4
2675,18,0,39,3,6238,110,65,30,3,1,1,30,513.92
2676,6,0,37,2,3260,34,39,20,4,1,1,45,179.85
2677,14,0,38,0,3410,53,48,22,3,1,2,30,330.52
2678,14,1,39,0,2688,56,73,37,4,1,2,45,251.1
2679,5,0,39,0,553,14,39,8,3,1,2,30,178.68
2680,6,0,39,2,2088,37,39,12,4,1,1,45,150.625
2681,8,0,36,3,7205,109,53,28,5,1,1,55,189.21
2682,5,0,39,0,1048,19,48,10,4,1,2,45,146.675
2683,5,0,39,3,758,16,43,8,5,1,1,55,76.11
2684,30,0,34,5,16495,250,39,86,2,2,1,25,929.025
2685,11,0,37,5,7385,128,310,39,3,2,1,30,1540.52
2686,7,0,39,2,4138,94,41,34,3,1,1,30,333.28
2687,8,0,38,0,2085,56,77,26,4,1,2,45,246.025
2688,11,0,39,2,3200,65,214,29,3,1,1,30,986.6
2689,9,0,30,3,1735,48,232,17,3,2,1,30,999.32
2690,9,0,29,2,1988,51,69,74,5,1,1,55,134.085
2691,16,0,30,0,1120,37,49,13,3,1,2,30,242.28
2692,5,0,29,0,1245,22,60,9,4,1,2,45,181.675
2693,15,0,28,2,1645,44,58,19,2,1,1,25,337.005
2694,7,0,28,2,3645,73,47,29,4,1,1,45,210.45
2695,7,0,21,2,2115,38,67,20,3,1,1,30,354.12
2696,21,0,20,3,6813,153,124,48,2,2,1,25,871.47
2697,17,0,18,2,9353,183,112,46,5,1,1,55,311.04
2698,13,0,19,5,3273,57,70,25,4,1,1,45,258.25
2699,7,0,12,3,4810,52,254,16,3,1,1,30,1210.48
2700,8,1,12,3,1908,31,39,13,3,1,1,30,233.56
2701,13,0,39,0,4560,71,7,15,2,1,1,25,239.895
2702,5,0,40,0,305,6,7,2,2,1,2,25,45.495
2703,15,0,38,0,2643,60,334,22,2,1,1,25,1624.635
2704,15,0,39,0,4388,66,7,33,1,1,1,15,283.47
2705,8,0,39,0,2583,58,7,31,1,1,1,15,183.755
2706,16,0,39,1,3965,82,7,26,3,1,1,30,189.88
2707,9,0,39,0,2550,39,260,16,3,1,1,30,1143.56
2708,18,0,38,2,9305,121,119,41,3,1,1,30,853.04
2709,12,0,39,0,13963,169,7,42,3,1,1,30,593.28
2710,12,0,39,1,4705,83,7,23,3,1,1,30,219.52
2711,11,0,39,0,6108,95,7,10,2,1,1,25,310.635
2712,14,1,39,0,2428,54,7,15,3,1,2,30,127.28
2713,30,0,39,3,15330,225,29,30,3,1,1,30,738.2
2714,9,0,39,1,3285,27,458,6,3,1,1,30,1964.48
2715,14,0,38,0,15675,182,125,28,2,1,1,25,1276.065
2716,8,0,38,1,6690,86,161,24,3,1,1,30,915.04
2717,5,0,38,0,1065,14,7,9,2,1,2,25,80.055
2718,7,0,39,0,900,14,7,6,2,1,2,25,72.63
2719,5,0,38,0,305,6,7,2,2,1,2,25,45.495
2720,8,0,38,0,7698,127,359,41,2,1,1,25,1967.625
2721,12,0,38,1,11655,154,7,45,3,1,1,30,500.36
2722,13,0,38,1,6908,75,83,35,2,1,1,25,687.735
2723,28,1,34,0,1145,47,7,15,2,1,2,25,85.14
2724,26,0,37,8,10625,93,7,40,4,1,1,45,285.45
2725,18,0,37,1,6008,98,7,22,2,1,1,25,306.27
2726,6,0,35,0,3030,22,7,12,3,1,1,30,150.08
2727,14,0,36,0,3180,41,7,14,3,1,2,30,156.84
2728,14,0,37,0,2458,44,9,29,3,1,2,30,136.08
2729,5,1,37,0,305,6,7,2,3,1,2,30,40.44
2730,6,0,37,0,1858,25,7,4,3,1,1,30,103.32
2731,8,0,34,1,6975,97,7,20,4,1,1,45,194.3
2732,5,0,37,0,818,7,7,2,4,1,2,45,38.125
2733,5,0,37,1,305,6,7,2,5,1,1,55,15.165
2734,30,0,32,3,16265,238,7,78,2,1,1,25,774.135
2735,11,0,35,3,7155,116,246,31,2,2,1,25,1434.195
2736,7,0,37,0,3908,82,7,26,2,1,1,25,211.05
2737,8,0,36,0,1855,44,13,18,3,1,2,30,127.96
2738,11,0,37,0,2970,53,150,21,2,1,1,25,811.035
2739,9,0,28,1,1505,36,168,9,2,2,1,25,825.345
2740,9,0,27,0,1758,39,7,66,4,1,1,45,62.425
2741,16,0,28,0,890,25,7,5,2,1,2,25,72.675
2742,5,0,27,0,1015,10,7,2,4,1,2,45,43.125
2743,15,0,26,0,1415,32,7,11,2,1,1,25,96.615
2744,7,0,26,0,3415,61,7,21,3,1,1,30,167.04
2745,7,0,19,0,1885,26,7,12,2,1,1,25,117.495
2746,21,0,18,1,6583,141,60,40,1,2,1,15,699.82
2747,17,0,16,0,9123,171,48,38,4,1,1,45,352.35
2748,13,0,17,3,3043,45,7,17,3,1,1,30,151.52
2749,7,0,10,1,4580,40,190,8,3,1,1,30,944.8
2750,8,0,10,1,1678,19,7,5,3,1,1,30,95.88
2751,15,0,40,1,4865,78,21,22,3,1,1,30,281.72
2752,7,0,41,0,813,12,23,9,3,1,2,30,125
2753,17,0,39,1,2948,67,375,29,3,1,1,30,1620.6
2754,17,0,40,1,4693,73,17,40,1,1,1,15,355.63
2755,10,0,40,1,2888,65,18,38,2,1,1,25,213.885
2756,18,0,40,2,4270,89,48,33,3,1,1,30,366.36
2757,11,0,40,1,2855,46,301,23,3,1,1,30,1320.04
2758,20,0,39,3,9610,128,160,48,3,1,1,30,1029.52
2759,14,0,40,1,14268,176,16,49,3,1,1,30,641.76
2760,14,0,40,2,5010,90,18,30,3,1,1,30,276
2761,13,0,40,1,6413,102,23,17,3,1,1,30,352.6
2762,16,0,40,0,2733,61,24,22,3,1,2,30,207.76
2763,32,1,40,4,15635,232,70,37,3,1,1,30,914.68
2764,11,0,40,2,3590,34,499,13,3,1,1,30,2140.96
2765,16,0,39,1,15980,189,166,35,2,1,1,25,1474.605
2766,10,0,39,2,6995,93,202,31,3,1,1,30,1091.52
2767,7,0,39,0,1370,21,16,16,2,1,2,25,134.595
2768,9,0,40,0,1205,21,29,13,3,1,2,30,165.04
2769,7,0,39,0,495,7,16,5,2,1,2,25,94.59
2770,10,0,39,1,8003,134,400,48,3,1,1,30,1925.48
2771,14,0,39,2,11960,161,27,52,4,1,1,45,370.525
2772,15,0,39,2,7213,82,124,42,2,1,1,25,886.275
2773,30,1,35,0,1450,54,32,22,3,1,2,30,188.16
2774,28,0,38,9,10930,100,17,47,5,1,1,55,190.95
2775,20,0,38,2,6313,105,42,29,2,1,1,25,477.81
2776,8,0,36,1,3335,29,16,19,3,1,1,30,198.56
2777,16,1,37,0,3485,48,25,21,3,1,2,30,241.32
2778,16,1,38,0,2763,51,50,36,4,1,2,45,195.35
2779,7,0,38,0,628,9,16,7,3,1,2,30,89.48
2780,8,0,38,1,2163,32,16,11,4,1,1,45,94.875
2781,10,0,35,2,7280,104,30,27,5,1,1,55,155.76
2782,7,0,38,0,1123,14,25,9,4,1,2,45,90.925
2783,7,0,38,2,833,11,20,7,5,1,1,55,42.66
2784,32,0,33,4,16570,245,16,85,2,2,1,25,828.675
2785,13,0,36,4,7460,123,287,38,3,2,1,30,1451.32
2786,9,0,38,1,4213,89,18,33,3,1,1,30,244.08
2787,10,0,37,0,2160,51,54,25,3,1,2,30,304.44
2788,13,0,38,1,3275,60,191,28,2,1,1,25,1009.575
2789,11,0,29,2,1810,43,209,16,3,2,1,30,910.12
2790,11,0,28,1,2063,46,46,73,5,1,1,55,100.635
2791,18,0,29,0,1195,32,26,12,3,1,2,30,153.08
2792,7,0,28,0,1320,17,37,8,4,1,2,45,125.925
2793,17,0,27,1,1720,39,35,18,2,1,1,25,236.655
2794,9,0,27,1,3720,68,24,28,3,1,1,30,247.52
2795,9,0,20,1,2190,33,44,19,3,1,1,30,264.92
2796,23,0,19,2,6887,148,101,47,2,2,1,25,771.075
2797,19,0,17,1,9427,178,89,45,5,1,1,55,277.575
2798,15,0,18,4,3347,52,47,24,3,1,1,30,323.96
2799,9,0,11,2,4885,47,231,15,3,1,1,30,1121.28
2800,10,1,11,2,1982,26,16,12,3,1,1,30,144.32
2801,11,0,40,1,4485,76,3,16,3,1,1,30,194.44
2802,3,0,41,0,433,10,5,3,3,1,2,30,37.72
2803,13,0,39,1,2568,65,357,23,3,1,1,30,1533.32
2804,13,0,40,1,4313,71,0,34,1,1,1,15,241.12
2805,6,0,40,1,2508,63,0,32,2,1,1,25,115.695
2806,14,0,40,2,3890,87,30,27,3,1,1,30,279.08
2807,7,0,40,1,2475,44,283,17,3,1,1,30,1232.76
2808,16,0,39,3,9230,126,142,42,3,1,1,30,942.24
2809,10,0,40,1,13888,174,0,43,3,1,1,30,562.48
2810,10,0,40,2,4630,88,0,24,3,1,1,30,188.72
2811,9,0,40,1,6033,100,5,11,3,1,1,30,265.32
2812,12,1,40,0,2353,59,6,16,3,1,2,30,120.48
2813,28,0,40,4,15255,230,52,31,3,1,1,30,827.4
2814,7,0,40,2,3210,32,481,7,3,1,1,30,2053.68
2815,12,0,39,1,15600,187,148,29,2,1,1,25,1376.415
2816,6,0,39,2,6615,91,184,25,3,1,1,30,1004.24
2817,3,0,39,0,990,19,0,10,2,1,2,25,45.405
2818,5,0,40,0,825,19,11,7,3,1,2,30,77.76
2819,0,0,39,0,0,0,0,0,2,1,2,25,0
2820,6,0,39,1,7623,132,382,42,3,1,1,30,1838.2
2821,10,0,39,2,11580,159,9,46,4,1,1,45,315.975
2822,11,0,39,2,6833,80,106,36,2,1,1,25,788.085
2823,26,1,35,0,1070,52,14,16,3,1,2,30,100.88
2824,24,0,38,9,10550,98,0,41,5,1,1,55,159.72
2825,16,0,38,2,5933,103,24,23,2,1,1,25,379.62
2826,4,0,36,1,2955,27,0,13,3,1,1,30,119.28
2827,12,0,37,0,3105,46,7,15,3,1,2,30,154.04
2828,12,0,38,0,2383,49,32,30,4,1,2,45,140.8
2829,3,0,38,0,248,7,0,1,3,1,2,30,10.2
2830,4,0,38,1,1783,30,0,5,4,1,1,45,45.325
2831,6,0,35,2,6900,102,12,21,5,1,1,55,123.03
2832,3,0,38,0,743,12,7,3,4,1,2,45,36.375
2833,3,0,38,2,453,9,2,1,5,1,1,55,9.93
2834,28,0,33,4,16190,243,0,79,2,2,1,25,739.485
2835,9,0,36,4,7080,121,269,32,3,2,1,30,1364.04
2836,5,0,38,1,3833,87,0,27,3,1,1,30,156.8
2837,6,0,37,0,1780,49,36,19,3,1,2,30,217.16
2838,9,0,38,1,2895,58,173,22,2,1,1,25,911.385
2839,7,0,29,2,1430,41,191,10,3,2,1,30,822.84
2840,7,0,28,1,1683,44,28,67,5,1,1,55,67.905
2841,14,0,29,0,815,30,8,6,3,1,2,30,65.8
2842,3,0,28,0,940,15,19,2,4,1,2,45,71.375
2843,13,0,27,1,1340,37,17,12,2,1,1,25,138.465
2844,5,0,27,1,3340,66,6,22,3,1,1,30,160.24
2845,5,0,20,1,1810,31,26,13,3,1,1,30,177.64
2846,19,0,19,2,6507,146,83,41,2,2,1,25,672.885
2847,15,0,17,1,9047,176,71,39,5,1,1,55,244.845
2848,11,0,18,4,2967,50,29,18,3,1,1,30,236.68
2849,5,0,11,2,4505,45,213,9,3,1,1,30,1034
2850,6,1,11,2,1602,24,0,6,3,1,1,30,65.04
2851,11,0,35,0,4675,71,4,18,2,1,1,25,231.57
2852,3,0,36,0,623,5,6,5,2,1,2,25,55.26
2853,13,0,34,0,2758,60,358,25,2,1,1,25,1737.81
2854,13,0,35,0,4503,66,0,36,1,1,1,15,251.295
2855,6,0,35,0,2698,58,1,34,1,1,1,15,157.08
2856,14,0,35,1,4080,82,31,29,3,1,1,30,290.48
2857,7,0,35,0,2665,39,284,19,3,1,1,30,1244.16
2858,16,0,34,2,9420,121,143,44,3,1,1,30,953.64
2859,10,0,35,0,14078,169,0,45,3,1,1,30,569.88
2860,10,0,35,1,4820,83,1,26,3,1,1,30,200.12
2861,9,0,35,0,6223,95,6,13,2,1,1,25,311.31
2862,12,0,35,0,2543,54,7,18,3,1,2,30,131.88
2863,28,0,35,3,15445,225,53,33,3,1,1,30,838.8
2864,7,0,35,1,3400,27,482,9,3,1,1,30,2065.08
2865,12,0,34,0,15790,182,149,31,2,1,1,25,1389.24
2866,6,0,34,1,6805,86,185,27,3,1,1,30,1015.64
2867,3,0,34,0,1180,14,0,12,2,1,2,25,53.73
2868,5,0,35,0,1015,14,12,9,2,1,2,25,100.305
2869,0,0,34,0,0,0,0,0,2,1,2,25,0
2870,6,0,34,0,7813,127,383,44,2,1,1,25,2080.8
2871,10,0,34,1,11770,154,10,48,3,1,1,30,516.96
2872,11,0,34,1,7023,75,107,38,2,1,1,25,800.91
2873,26,1,30,0,1260,47,15,18,2,1,2,25,126.315
2874,24,0,33,8,10740,93,0,43,4,1,1,45,270.825
2875,16,0,33,1,6123,98,25,25,2,1,1,25,392.445
2876,4,0,31,0,3145,22,0,15,3,1,1,30,126.68
2877,12,1,32,0,3295,41,8,17,3,1,2,30,165.44
2878,12,0,33,0,2573,44,33,32,3,1,2,30,236.68
2879,3,0,33,0,438,2,0,3,3,1,2,30,17.6
2880,4,0,33,0,1973,25,0,7,3,1,1,30,79.92
2881,6,0,30,1,7090,97,13,23,4,1,1,45,212.175
2882,3,0,33,0,933,7,8,5,4,1,2,45,43.5
2883,3,0,33,1,643,4,3,3,5,1,1,55,14.205
2884,28,0,28,3,16380,238,0,81,2,1,1,25,747.81
2885,9,0,31,3,7270,116,270,34,2,2,1,25,1547.37
2886,5,0,33,0,4023,82,1,29,2,1,1,25,189.225
2887,6,0,32,0,1970,44,37,21,3,1,2,30,228.56
2888,9,0,33,0,3085,53,174,24,2,1,1,25,924.21
2889,7,0,24,1,1620,36,192,12,2,2,1,25,938.52
2890,7,0,23,0,1873,39,29,69,4,1,1,45,120.3
2891,14,0,24,0,1005,25,9,8,2,1,2,25,86.85
2892,3,0,23,0,1130,10,20,4,4,1,2,45,78.5
2893,13,0,22,0,1530,32,18,14,2,1,1,25,151.29
2894,5,0,22,0,3530,61,7,24,3,1,1,30,171.64
2895,5,0,15,0,2000,26,27,15,2,1,1,25,212.67
2896,19,0,14,1,6697,141,84,43,1,2,1,15,838.09
2897,15,0,12,0,9237,171,72,41,4,1,1,45,415.2
2898,11,0,13,3,3157,45,30,20,3,1,1,30,248.08
2899,5,0,6,1,4695,40,214,11,3,1,1,30,1045.4
2900,6,0,6,1,1792,19,0,8,3,1,1,30,72.44
2901,15,0,45,2,4675,83,20,20,3,1,1,30,270.32
2902,7,0,46,0,623,17,22,7,3,1,2,30,113.6
2903,17,0,44,2,2758,72,374,27,3,1,1,30,1609.2
2904,17,0,45,2,4503,78,16,38,1,1,1,15,339.955
2905,10,0,45,2,2698,70,17,36,2,1,1,25,201.06
2906,18,0,45,3,4080,94,47,31,3,1,1,30,354.96
2907,11,0,45,2,2665,51,300,21,4,1,1,45,817.9
2908,20,0,44,4,9420,133,159,46,3,1,1,30,1018.12
2909,14,0,45,2,14078,181,15,47,3,1,1,30,630.36
2910,14,0,45,3,4820,95,17,28,4,1,1,45,165.375
2911,13,0,45,2,6223,107,22,15,3,1,1,30,341.2
2912,16,0,45,0,2543,66,23,20,4,1,2,45,122.725
2913,32,0,45,5,15445,237,69,35,3,2,1,30,903.28
2914,11,0,45,3,3400,39,498,11,4,1,1,45,1330.975
2915,16,0,44,2,15790,194,165,33,3,1,1,30,1299.36
2916,10,0,44,3,6805,98,201,29,4,1,1,45,675.075
2917,7,0,44,0,1180,26,15,14,3,1,2,30,108.24
2918,9,0,45,0,1015,26,28,11,3,1,2,30,153.64
2919,7,0,44,0,305,12,15,3,3,1,2,30,72.68
2920,10,0,44,2,7813,139,399,46,3,1,1,30,1914.08
2921,14,0,44,3,11770,166,26,50,4,1,1,45,363.4
2922,15,0,44,3,7023,87,123,40,3,1,1,30,776.4
2923,30,1,40,0,1260,59,31,20,3,1,2,30,176.76
2924,28,0,43,10,10740,105,16,45,5,2,1,55,186.675
2925,20,0,43,3,6123,110,41,27,3,1,1,30,413.32
2926,8,0,41,2,3145,34,15,17,4,1,1,45,116.975
2927,16,1,42,0,3295,53,24,19,3,1,2,30,229.92
2928,16,1,43,0,2573,56,49,34,4,1,2,45,188.225
2929,7,0,43,0,438,14,15,5,3,1,2,30,78.08
2930,8,0,43,2,1973,37,15,9,4,1,1,45,87.75
2931,10,0,40,3,7090,109,29,25,5,1,1,55,151.485
2932,7,0,43,0,933,19,24,7,4,1,2,45,83.8
2933,7,0,43,3,643,16,19,5,5,1,1,55,38.385
2934,32,0,38,5,16380,250,15,83,2,2,1,25,815.85
2935,13,0,41,5,7270,128,286,36,3,2,1,30,1439.92
2936,9,0,43,2,4023,94,17,31,3,1,1,30,232.68
2937,10,0,42,0,1970,56,53,23,4,1,2,45,183.15
2938,13,0,43,2,3085,65,190,26,3,1,1,30,886
2939,11,0,34,3,1620,48,208,14,3,2,1,30,898.72
2940,11,0,33,2,1873,51,45,71,5,1,1,55,96.36
2941,18,0,34,0,1005,37,25,10,3,1,2,30,141.68
2942,7,0,33,0,1130,22,36,6,4,1,2,45,118.8
2943,17,0,32,2,1530,44,34,16,2,1,1,25,223.83
2944,9,0,32,2,3530,73,23,26,4,1,1,45,147.575
2945,9,0,25,2,2000,38,43,17,3,1,1,30,253.52
2946,23,0,24,3,6697,153,100,45,2,2,1,25,758.25
2947,19,0,22,2,9237,183,88,43,5,1,1,55,273.3
2948,15,0,23,5,3157,57,46,22,4,1,1,45,195.35
2949,9,0,16,3,4695,52,230,13,3,1,1,30,1109.88
2950,10,0,16,3,1792,31,15,10,3,1,1,30,132.92
2951,19,0,41,2,5385,88,37,19,3,1,1,30,366.92
2952,11,0,42,0,1333,22,22,6,3,1,2,30,142.2
2953,21,0,40,2,3468,77,374,26,3,1,1,30,1637.8
2954,21,0,41,2,5213,83,16,37,1,1,1,15,379.28
2955,14,0,41,2,3408,75,17,35,2,1,1,25,233.235
2956,22,0,41,3,4790,99,47,30,3,1,1,30,383.56
2957,15,0,41,2,3375,56,300,20,4,1,1,45,835.775
2958,24,0,40,4,10130,138,159,45,3,1,1,30,1046.72
2959,18,0,41,2,14788,186,15,46,3,1,1,30,658.96
2960,18,0,41,3,5530,100,17,27,4,1,1,45,183.25
2961,17,0,41,2,6933,112,22,14,3,1,1,30,369.8
2962,20,0,41,0,3253,71,23,19,4,1,2,45,140.6
2963,36,0,41,5,16155,242,69,34,3,2,1,30,931.88
2964,15,0,41,3,4110,44,498,10,4,1,1,45,1348.85
2965,20,0,40,2,16500,199,165,32,2,1,1,25,1493.955
2966,14,0,40,3,7515,103,201,28,3,1,1,30,1108.72
2967,11,0,40,0,1890,31,15,13,2,1,2,25,153.945
2968,13,0,41,0,1725,31,28,10,3,1,2,30,182.24
2969,11,0,40,0,1015,17,15,2,3,1,2,30,101.28
2970,14,0,40,2,8523,144,399,45,3,1,1,30,1942.68
2971,18,0,40,3,12480,171,26,49,4,1,1,45,381.275
2972,19,0,40,3,7733,92,123,39,2,1,1,25,905.625
2973,34,1,36,0,1970,64,31,19,3,2,2,30,205.36
2974,32,0,39,10,11450,110,16,44,5,1,1,55,197.4
2975,24,0,39,3,6833,115,41,26,3,1,1,30,441.92
2976,12,0,37,2,3855,39,15,16,3,1,1,30,215.76
2977,20,1,38,0,4005,58,24,18,3,1,2,30,258.52
2978,20,1,39,0,3283,61,49,33,4,1,2,45,206.1
2979,11,0,39,0,1148,19,15,4,3,1,2,30,106.68
2980,12,0,39,2,2683,42,15,8,4,1,1,45,105.625
2981,14,0,36,3,7800,114,29,24,5,1,1,55,162.21
2982,11,0,39,0,1643,24,24,6,4,1,2,45,101.675
2983,11,0,39,3,1353,21,19,4,5,1,1,55,49.11
2984,36,0,34,5,17090,255,15,82,2,2,1,25,848.025
2985,17,0,37,5,7980,133,286,35,3,2,1,30,1468.52
2986,13,0,39,2,4733,99,17,30,3,1,1,30,261.28
2987,14,0,38,0,2680,61,53,22,4,1,2,45,201.025
2988,17,0,39,2,3795,70,190,25,2,1,1,25,1028.925
2989,15,0,30,3,2330,53,208,13,3,2,1,30,927.32
2990,15,0,29,2,2583,56,45,70,5,1,1,55,107.085
2991,22,1,30,0,1715,42,25,9,3,1,2,30,170.28
2992,11,0,29,0,1840,27,36,5,4,1,2,45,136.675
2993,21,0,28,2,2240,49,34,15,2,1,1,25,256.005
2994,13,0,28,2,4240,78,23,25,3,1,1,30,264.72
2995,13,0,21,2,2710,43,43,16,3,1,1,30,282.12
2996,27,0,20,3,7407,158,100,44,2,2,1,25,790.425
2997,23,0,18,2,9947,188,88,42,5,1,1,55,284.025
2998,19,0,19,5,3867,62,46,21,3,1,1,30,341.16
2999,13,0,12,3,5405,57,230,12,3,1,1,30,1138.48
3000,14,1,12,3,2502,36,15,9,3,1,1,30,161.52
3001,7,0,39,0,3965,66,0,19,3,1,1,30,161.24
3002,0,0,40,0,0,0,0,0,3,1,2,30,0
3003,9,0,38,0,2048,55,341,26,3,1,1,30,1448.12
3004,9,0,39,0,3793,61,0,37,1,1,1,15,211.97
3005,2,0,39,0,1988,53,0,35,2,1,1,25,91.845
3006,10,0,39,1,3370,77,14,30,3,1,1,30,193.88
3007,3,0,39,0,1955,34,267,20,3,1,1,30,1147.56
3008,12,0,38,2,8710,116,126,45,3,1,1,30,857.04
3009,6,0,39,0,13368,164,0,46,3,1,1,30,541.28
3010,6,0,39,1,4110,78,0,27,3,1,1,30,167.52
3011,5,0,39,0,5513,90,0,14,3,1,1,30,224.12
3012,8,0,39,0,1833,49,0,19,3,1,2,30,75.28
3013,24,0,39,3,14735,220,36,34,3,1,1,30,742.2
3014,3,0,39,1,2690,22,465,10,3,1,1,30,1968.48
3015,8,0,38,0,15080,177,132,32,2,1,1,25,1280.565
3016,2,0,38,1,6095,81,168,28,3,1,1,30,919.04
3017,0,0,38,0,470,9,0,13,2,1,2,25,21.555
3018,1,0,39,0,305,9,0,10,3,1,2,30,12.56
3019,0,0,38,0,0,0,0,0,2,1,2,25,0
3020,2,0,38,0,7103,122,366,45,3,1,1,30,1753
3021,6,0,38,1,11060,149,0,49,4,1,1,45,280.225
3022,7,0,38,1,6313,70,90,39,2,1,1,25,692.235
3023,22,0,34,0,550,42,0,19,3,1,2,30,23.68
3024,20,0,37,8,10030,88,0,44,5,1,1,55,151.77
3025,12,0,37,1,5413,93,8,26,2,1,1,25,283.77
3026,0,0,35,0,2435,17,0,16,3,1,1,30,98.08
3027,8,1,36,0,2585,36,0,18,3,1,2,30,104.84
3028,8,0,37,0,1863,39,16,33,3,1,2,30,140.08
3029,0,0,37,0,0,0,0,0,3,1,2,30,0
3030,0,0,37,0,1263,20,0,8,4,1,1,45,32.075
3031,2,0,34,1,6380,92,0,24,5,1,1,55,97.08
3032,0,0,37,0,223,2,0,6,4,1,2,45,5.625
3033,0,0,37,1,0,0,0,0,5,1,1,55,0
3034,24,1,32,3,15670,233,0,82,2,1,1,25,715.635
3035,5,0,35,3,6560,111,253,35,2,2,1,25,1438.695
3036,1,0,37,0,3313,77,0,30,3,1,1,30,135.6
3037,2,0,36,0,1260,39,20,22,3,1,2,30,131.96
3038,5,0,37,0,2375,48,157,25,2,1,1,25,815.535
3039,3,0,28,1,910,31,175,13,2,2,1,25,829.845
3040,3,0,27,0,1163,34,12,70,4,1,1,45,59.925
3041,10,0,28,0,295,20,0,9,3,1,2,30,12.6
3042,0,0,27,0,420,5,3,5,4,1,2,45,18.125
3043,9,0,26,0,820,27,1,15,2,1,1,25,42.615
3044,1,0,26,0,2820,56,0,25,3,1,1,30,115.04
3045,1,0,19,0,1290,21,10,16,2,1,1,25,103.995
3046,15,0,18,1,5987,136,67,44,2,2,1,25,577.035
3047,11,0,16,0,8527,166,55,42,5,1,1,55,212.895
3048,7,0,17,3,2447,40,13,21,3,1,1,30,151.48
3049,1,0,10,1,3985,35,197,12,3,1,1,30,948.8
3050,2,1,10,1,1082,14,0,9,3,1,1,30,43.84
3051,13,0,40,1,4675,77,12,19,3,1,1,30,238.08
3052,5,0,41,0,623,11,14,6,3,1,2,30,81.36
3053,15,0,39,1,2758,66,366,26,3,1,1,30,1576.96
3054,15,0,40,1,4503,72,8,37,1,1,1,15,295.625
3055,8,0,40,1,2698,64,9,35,2,1,1,25,164.79
3056,16,0,40,2,4080,88,39,30,3,1,1,30,322.72
3057,9,0,40,1,2665,45,292,20,3,1,1,30,1276.4
3058,18,0,39,3,9420,127,151,45,3,1,1,30,985.88
3059,12,0,40,1,14078,175,7,46,3,1,1,30,598.12
3060,12,0,40,2,4820,89,9,27,3,1,1,30,232.36
3061,11,0,40,1,6223,101,14,14,3,1,1,30,308.96
3062,14,0,40,0,2543,60,15,19,3,1,2,30,164.12
3063,30,0,40,4,15445,231,61,34,3,1,1,30,871.04
3064,9,0,40,2,3400,33,490,10,3,1,1,30,2097.32
3065,14,0,39,1,15790,188,157,32,2,1,1,25,1425.51
3066,8,0,39,2,6805,92,193,28,3,1,1,30,1047.88
3067,5,0,39,0,1180,20,7,13,2,1,2,25,85.5
3068,7,0,40,0,1015,20,20,10,3,1,2,30,121.4
3069,5,0,39,0,305,6,7,2,2,1,2,25,45.495
3070,8,0,39,1,7813,133,391,45,3,1,1,30,1881.84
3071,12,0,39,2,11770,160,18,49,4,1,1,45,343.25
3072,13,0,39,2,7023,81,115,39,2,1,1,25,837.18
3073,28,1,35,0,1260,53,23,19,3,1,2,30,144.52
3074,26,0,38,9,10740,99,8,44,5,1,1,55,174.585
3075,18,0,38,2,6123,104,33,26,2,1,1,25,428.715
3076,6,0,36,1,3145,28,7,16,3,1,1,30,154.92
3077,14,1,37,0,3295,47,16,18,3,1,2,30,197.68
3078,14,0,38,0,2573,50,41,33,4,1,2,45,168.075
3079,5,0,38,0,438,8,7,4,3,1,2,30,45.84
3080,6,0,38,1,1973,31,7,8,4,1,1,45,67.6
3081,8,0,35,2,7090,103,21,24,5,1,1,55,139.395
3082,5,0,38,0,933,13,16,6,4,1,2,45,63.65
3083,5,0,38,2,643,10,11,4,5,1,1,55,26.295
3084,30,0,33,4,16380,244,7,82,2,2,1,25,779.58
3085,11,0,36,4,7270,122,278,35,3,2,1,30,1407.68
3086,7,0,38,1,4023,88,9,30,3,1,1,30,200.44
3087,8,0,37,0,1970,50,45,22,3,1,2,30,260.8
3088,11,0,38,1,3085,59,182,25,2,1,1,25,960.48
3089,9,0,29,2,1620,42,200,13,3,2,1,30,866.48
3090,9,0,28,1,1873,45,37,70,5,1,1,55,84.27
3091,16,0,29,0,1005,31,17,9,3,1,2,30,109.44
3092,5,0,28,0,1130,16,28,5,4,1,2,45,98.65
3093,15,0,27,1,1530,38,26,15,2,1,1,25,187.56
3094,7,0,27,1,3530,67,15,25,3,1,1,30,203.88
3095,7,0,20,1,2000,32,35,16,3,1,1,30,221.28
3096,21,0,19,2,6697,147,92,44,2,2,1,25,721.98
3097,17,0,17,1,9237,177,80,42,5,1,1,55,261.21
3098,13,0,18,4,3157,51,38,21,3,1,1,30,280.32
3099,7,0,11,2,4695,46,222,12,3,1,1,30,1077.64
3100,8,1,11,2,1792,25,7,9,3,1,1,30,100.68
3101,13,0,40,1,4675,77,12,19,3,1,1,30,238.08
3102,5,0,41,0,623,11,14,6,3,1,2,30,81.36
3103,15,0,39,1,2758,66,366,26,3,1,1,30,1576.96
3104,15,0,40,1,4503,72,8,37,1,1,1,15,295.625
3105,8,0,40,1,2698,64,9,35,2,1,1,25,164.79
3106,16,0,40,2,4080,88,39,30,3,1,1,30,322.72
3107,9,0,40,1,2665,45,292,20,3,1,1,30,1276.4
3108,18,0,39,3,9420,127,151,45,3,1,1,30,985.88
3109,12,0,40,1,14078,175,7,46,3,1,1,30,598.12
3110,12,0,40,2,4820,89,9,27,3,1,1,30,232.36
3111,11,0,40,1,6223,101,14,14,3,1,1,30,308.96
3112,14,0,40,0,2543,60,15,19,3,1,2,30,164.12
3113,30,0,40,4,15445,231,61,34,3,2,1,30,871.04
3114,9,0,40,2,3400,33,490,10,3,1,1,30,2097.32
3115,14,0,39,1,15790,188,157,32,2,1,1,25,1425.51
3116,8,0,39,2,6805,92,193,28,3,1,1,30,1047.88
3117,5,0,39,0,1180,20,7,13,2,1,2,25,85.5
3118,7,0,40,0,1015,20,20,10,3,1,2,30,121.4
3119,5,0,39,0,305,6,7,2,2,1,2,25,45.495
3120,8,0,39,1,7813,133,391,45,3,1,1,30,1881.84
3121,12,0,39,2,11770,160,18,49,4,1,1,45,343.25
3122,13,0,39,2,7023,81,115,39,2,1,1,25,837.18
3123,28,1,35,0,1260,53,23,19,3,1,2,30,144.52
3124,26,0,38,9,10740,99,8,44,5,2,1,55,174.585
3125,18,0,38,2,6123,104,33,26,2,1,1,25,428.715
3126,6,0,36,1,3145,28,7,16,3,1,1,30,154.92
3127,14,1,37,0,3295,47,16,18,3,1,2,30,197.68
3128,14,1,38,0,2573,50,41,33,4,1,2,45,168.075
3129,5,0,38,0,438,8,7,4,3,1,2,30,45.84
3130,6,0,38,1,1973,31,7,8,4,1,1,45,67.6
3131,8,0,35,2,7090,103,21,24,5,1,1,55,139.395
3132,5,1,38,0,933,13,16,6,4,1,2,45,63.65
3133,5,0,38,2,643,10,11,4,5,1,1,55,26.295
3134,30,0,33,4,16380,244,7,82,2,2,1,25,779.58
3135,11,0,36,4,7270,122,278,35,3,2,1,30,1407.68
3136,7,0,38,1,4023,88,9,30,3,1,1,30,200.44
3137,8,0,37,0,1970,50,45,22,3,1,2,30,260.8
3138,11,0,38,1,3085,59,182,25,2,1,1,25,960.48
3139,9,0,29,2,1620,42,200,13,3,2,1,30,866.48
3140,9,0,28,1,1873,45,37,70,5,1,1,55,84.27
3141,16,0,29,0,1005,31,17,9,3,1,2,30,109.44
3142,5,0,28,0,1130,16,28,5,4,1,2,45,98.65
3143,15,0,27,1,1530,38,26,15,2,1,1,25,187.56
3144,7,0,27,1,3530,67,15,25,3,1,1,30,203.88
3145,7,0,20,1,2000,32,35,16,3,1,1,30,221.28
3146,21,0,19,2,6697,147,92,44,2,2,1,25,721.98
3147,17,0,17,1,9237,177,80,42,5,1,1,55,261.21
3148,13,0,18,4,3157,51,38,21,3,1,1,30,280.32
3149,7,0,11,2,4695,46,222,12,3,1,1,30,1077.64
3150,8,1,11,2,1792,25,7,9,3,1,1,30,100.68
